channel_id,date,created_at,site_id,flags,duration,ac_voltage,ac_frequency,dc_voltage,dc_current,temperature,errored_secs,max_errored_cycles,energy_produced,joules_consumed,vars_lead,vars_lag,pcu_ac_current,pcu_ac_line1_voltage,pcu_ac_line2_voltage,pcu_ac_line3_voltage,pcu_rssi,pcu_issi,mppt_unlocked,temp_pwr_limiting,ss_pwr_limiting,fpf_pwr_limiting,vvar_pwr_limiting,inv2_pwr_limiting,fw_pwr_limiting,vw_pwr_limiting,dc_low_limiting,wp_enable,tv_enable,fpf_enable,vvar_enable,inv2_enable,fw_enable,vw_enable
1,2026-09-02 07:22:01 +0530,2026-09-02 07:26:53 +0530,3676675,0,46864,238.4,49.95,39.68,1.82,29.0,0,0,112725,450,1,0,384,0,0,0,104,54,false,false,false,false,false,false,false,false,false,false,false,false,false,false,false,false
1,2026-09-02 08:20:25 +0530,2026-09-02 08:21:21 +0530,3676675,0,3504,240.6,50.08,39.15,4.71,36.0,0,0,409275,0,1,0,764,0,0,0,104,54,false,false,false,false,false,false,false,false,false,false,false,false,false,false,false,false
1,2026-09-02 09:22:05 +0530,2026-09-02 09:39:22 +0530,3676675,0,3700,243.0,49.85,38.05,7.86,41.0,0,0,889875,0,1,0,1197,0,0,0,104,54,false,false,false,false,false,false,false,false,false,false,false,false,false,false,false,false
1,2026-09-02 09:48:15 +0530,2026-09-02 10:04:51 +0530,3676675,0,1570,242.8,49.99,37.83,8.73,43.0,0,0,487125,0,1,0,1342,0,0,0,104,54,false,false,false,false,false,false,false,false,false,false,false,false,false,false,false,false
1,2026-09-02 10:21:23 +0530,2026-09-02 10:28:22 +0530,3676675,0,1988,240.7,49.95,37.14,10.3,47.0,0,0,694125,0,1,0,1550,0,0,0,104,54,false,false,false,false,false,false,false,false,false,false,false,false,false,false,false,false
1,2026-09-02 10:51:40 +0530,2026-09-02 11:03:32 +0530,3676675,0,1817,241.0,49.97,36.82,11.51,49.0,0,0,653625,0,1,0,1722,0,0,0,104,52,false,false,false,false,false,false,false,false,false,false,false,false,false,false,false,false
1,2026-09-02 11:19:02 +0530,2026-09-02 11:27:34 +0530,3676675,0,1642,238.6,49.93,44.28,0.17,47.0,0,0,315675,225,1,0,13,0,0,0,104,52,false,false,false,false,false,false,false,false,false,false,false,false,false,false,false,false
1,2026-09-02 11:52:02 +0530,2026-09-02 12:04:07 +0530,3676675,0,1980,244.2,49.91,37.69,13.0,50.0,0,0,169875,0,1,0,1961,0,0,0,102,70,false,false,false,false,false,false,false,false,false,false,false,false,false,false,false,false
1,2026-09-02 12:19:10 +0530,2026-09-02 12:28:09 +0530,3676675,0,1628,250.4,49.98,38.45,12.74,51.0,0,0,497475,0,1,0,1913,0,0,0,102,70,false,false,false,false,false,false,false,false,false,false,false,false,false,false,false,false
1,2026-09-02 12:53:31 +0530,2026-09-02 13:07:27 +0530,3676675,0,2061,246.3,50.0,37.48,3.51,49.0,0,0,615375,0,1,0,520,0,0,0,102,70,false,false,false,false,false,false,false,false,false,false,false,false,false,false,false,false
1,2026-09-02 13:26:03 +0530,2026-09-02 13:32:29 +0530,3676675,0,1952,246.1,49.97,35.99,5.7,52.0,0,0,735750,0,1,0,820,0,0,0,104,58,false,false,false,false,false,false,false,false,false,false,false,false,false,false,false,false
1,2026-09-02 13:59:28 +0530,2026-09-02 14:07:12 +0530,3676675,0,2005,246.7,50.04,36.81,5.86,49.0,0,0,552150,0,1,0,847,0,0,0,104,58,false,false,false,false,false,false,false,false,false,false,false,false,false,false,false,false
1,2026-09-02 14:23:28 +0530,2026-09-02 14:28:59 +0530,3676675,0,1440,241.4,49.96,37.09,3.04,48.0,0,0,383850,0,1,0,455,0,0,0,102,52,false,false,false,false,false,false,false,false,false,false,false,false,false,false,false,false
1,2026-09-02 14:49:12 +0530,2026-09-02 14:54:43 +0530,3676675,0,1544,238.8,50.03,38.14,3.76,43.0,0,0,172125,0,1,0,582,0,0,0,102,52,false,false,false,false,false,false,false,false,false,false,false,false,false,false,false,false
1,2026-09-02 15:13:51 +0530,2026-09-02 15:16:11 +0530,3676675,0,1479,240.8,49.97,37.57,5.09,43.0,0,0,286650,0,1,0,780,0,0,0,102,52,false,false,false,false,false,false,false,false,false,false,false,false,false,false,false,false
1,2026-09-02 15:38:00 +0530,2026-09-02 15:53:18 +0530,3676675,0,1449,241.1,49.96,37.27,4.7,44.0,0,0,292050,0,1,0,713,0,0,0,102,62,false,false,false,false,false,false,false,false,false,false,false,false,false,false,false,false
1,2026-09-02 16:00:57 +0530,2026-09-02 16:13:45 +0530,3676675,0,1377,244.8,50.07,37.94,5.49,45.0,0,0,290700,0,1,0,845,0,0,0,102,62,false,false,false,false,false,false,false,false,false,false,false,false,false,false,false,false
1,2026-09-02 16:28:52 +0530,2026-09-02 16:34:22 +0530,3676675,0,1675,241.9,49.93,37.77,1.98,41.0,0,0,170325,0,1,0,381,0,0,0,102,62,false,false,false,false,false,false,false,false,false,false,false,false,false,false,false,false
1,2026-09-02 16:51:36 +0530,2026-09-02 16:54:28 +0530,3676675,0,1364,242.0,49.88,37.16,1.18,39.0,0,0,92925,0,1,0,298,0,0,0,102,50,false,false,false,false,false,false,false,false,false,false,false,false,false,false,false,false
1,2026-09-02 17:16:12 +0530,2026-09-02 17:19:47 +0530,3676675,0,1476,243.8,50.0,37.4,1.41,37.0,0,0,60975,0,1,0,325,0,0,0,102,50,false,false,false,false,false,false,false,false,false,false,false,false,false,false,false,false
1,2026-09-02 17:41:11 +0530,2026-09-02 17:53:38 +0530,3676675,0,1499,243.8,50.01,36.63,0.81,36.0,0,0,62775,0,1,0,265,0,0,0,102,50,false,false,false,false,false,false,false,false,false,false,false,false,false,false,false,false
1,2026-09-02 18:04:42 +0530,2026-09-02 18:13:54 +0530,3676675,0,1411,244.1,50.06,35.13,0.14,35.0,0,0,12600,0,1,0,202,0,0,0,102,50,false,false,false,false,false,false,false,false,false,false,false,false,false,false,false,false
1,2026-09-03 07:22:21 +0530,2026-09-03 07:36:29 +0530,3676675,0,47859,236.4,49.92,39.68,3.55,31.0,0,0,192825,450,1,0,579,0,0,0,104,52,false,false,false,false,false,false,false,false,false,false,false,false,false,false,false,false
1,2026-09-03 08:23:44 +0530,2026-09-03 08:25:21 +0530,3676675,0,3683,240.9,50.1,39.03,3.62,33.0,0,0,429975,0,1,0,560,0,0,0,104,52,false,false,false,false,false,false,false,false,false,false,false,false,false,false,false,false
1,2026-09-03 09:21:54 +0530,2026-09-03 09:32:27 +0530,3676675,0,3490,244.2,49.95,38.18,9.02,41.0,0,0,785250,0,1,0,1388,0,0,0,102,52,false,false,false,false,false,false,false,false,false,false,false,false,false,false,false,false
1,2026-09-03 09:57:00 +0530,2026-09-03 10:11:43 +0530,3676675,0,2106,243.4,50.01,37.27,10.16,45.0,0,0,711450,0,1,0,1523,0,0,0,102,52,false,false,false,false,false,false,false,false,false,false,false,false,false,false,false,false
1,2026-09-03 10:52:58 +0530,2026-09-03 10:58:05 +0530,3676675,0,3358,245.3,49.99,36.64,11.74,48.0,0,0,1182600,0,1,0,1712,0,0,0,104,64,false,false,false,false,false,false,false,false,false,false,false,false,false,false,false,false
1,2026-09-03 11:20:35 +0530,2026-09-03 11:22:31 +0530,3676675,0,1657,244.7,50.03,36.75,11.81,50.0,0,0,668250,0,1,0,1732,0,0,0,104,62,false,false,false,false,false,false,false,false,false,false,false,false,false,false,false,false
1,2026-09-03 11:49:48 +0530,2026-09-03 12:10:26 +0530,3676675,0,1753,245.3,50.0,36.22,12.88,52.0,0,0,672300,0,1,0,1862,0,0,0,104,62,false,false,false,false,false,false,false,false,false,false,false,false,false,false,false,false
1,2026-09-03 12:17:14 +0530,2026-09-03 12:35:28 +0530,3676675,0,1646,247.9,50.05,36.02,9.33,53.0,0,0,721125,0,1,0,1330,0,0,0,104,62,false,false,false,false,false,false,false,false,false,false,false,false,false,false,false,false
1,2026-09-03 12:42:52 +0530,2026-09-03 12:57:52 +0530,3676675,0,1538,249.4,49.95,36.45,9.31,51.0,0,0,561825,0,1,0,1343,0,0,0,102,72,false,false,false,false,false,false,false,false,false,false,false,false,false,false,false,false
1,2026-09-03 13:44:41 +0530,2026-09-03 13:49:03 +0530,3676675,0,3709,244.0,49.97,37.45,2.91,43.0,0,0,782100,0,1,0,430,0,0,0,102,72,false,false,false,false,false,false,false,false,false,false,false,false,false,false,false,false
1,2026-09-03 15:05:41 +0530,2026-09-03 15:19:23 +0530,3676675,0,4860,244.5,50.03,38.27,2.73,37.0,0,0,354375,0,1,0,494,0,0,0,102,72,false,false,false,false,false,false,false,false,false,false,false,false,false,false,false,false
1,2026-09-03 15:56:16 +0530,2026-09-03 15:58:25 +0530,3676675,0,3035,244.1,49.89,37.99,2.4,38.0,0,0,346950,0,1,0,443,0,0,0,104,52,false,false,false,false,false,false,false,false,false,false,false,false,false,false,false,false
1,2026-09-03 16:35:20 +0530,2026-09-03 16:41:09 +0530,3676675,0,2344,248.2,49.92,38.02,3.02,41.0,0,0,280800,0,1,0,451,0,0,0,104,52,false,false,false,false,false,false,false,false,false,false,false,false,false,false,false,false
1,2026-09-03 17:01:51 +0530,2026-09-03 17:06:17 +0530,3676675,0,1591,248.2,49.96,36.76,1.13,38.0,0,0,110700,0,1,0,294,0,0,0,102,54,false,false,false,false,false,false,false,false,false,false,false,false,false,false,false,false
1,2026-09-03 17:38:33 +0530,2026-09-03 17:50:01 +0530,3676675,0,2202,242.7,49.83,36.42,0.64,33.0,0,0,62550,0,1,0,247,0,0,0,102,54,false,false,false,false,false,false,false,false,false,false,false,false,false,false,false,false
1,2026-09-03 18:10:52 +0530,2026-09-03 18:16:14 +0530,3676675,0,1939,244.3,49.83,36.55,0.1,31.0,0,0,24750,0,1,0,198,0,0,0,102,50,false,false,false,false,false,false,false,false,false,false,false,false,false,false,false,false
1,2026-09-04 08:09:49 +0530,2026-09-04 08:20:04 +0530,3676675,0,50337,236.2,49.98,39.16,3.93,31.0,0,0,318375,900,1,0,630,0,0,0,102,52,false,false,false,false,false,false,false,false,false,false,false,false,false,false,false,false
1,2026-09-04 09:31:15 +0530,2026-09-04 09:39:18 +0530,3676675,0,4886,240.1,50.01,37.29,2.65,42.0,0,0,1182375,0,1,0,396,0,0,0,102,52,false,false,false,false,false,false,false,false,false,false,false,false,false,false,false,false
1,2026-09-04 10:28:09 +0530,2026-09-04 10:36:19 +0530,3676675,0,3414,245.0,50.01,37.45,9.32,43.0,0,0,1023300,0,1,0,1396,0,0,0,104,72,false,false,false,false,false,false,false,false,false,false,false,false,false,false,false,false
1,2026-09-04 10:57:22 +0530,2026-09-04 11:14:32 +0530,3676675,0,1753,246.7,49.97,36.9,10.82,47.0,0,0,628425,0,1,0,1589,0,0,0,104,72,false,false,false,false,false,false,false,false,false,false,false,false,false,false,false,false
1,2026-09-04 11:28:22 +0530,2026-09-04 11:39:51 +0530,3676675,0,1860,248.7,49.96,36.06,12.59,52.0,0,0,783675,0,1,0,1776,0,0,0,102,70,false,false,false,false,false,false,false,false,false,false,false,false,false,false,false,false
1,2026-09-04 11:57:37 +0530,2026-09-04 12:03:46 +0530,3676675,0,1755,246.4,50.01,36.07,4.33,54.0,0,0,750150,0,1,0,616,0,0,0,102,70,false,false,false,false,false,false,false,false,false,false,false,false,false,false,false,false
1,2026-09-04 12:25:21 +0530,2026-09-04 12:28:23 +0530,3676675,0,1664,246.5,50.0,36.38,3.81,52.0,0,0,580275,0,1,0,543,0,0,0,102,54,false,false,false,false,false,false,false,false,false,false,false,false,false,false,false,false
1,2026-09-04 12:55:48 +0530,2026-09-04 12:58:52 +0530,3676675,0,1827,248.7,49.99,35.61,12.31,55.0,0,0,701550,0,1,0,1725,0,0,0,102,54,false,false,false,false,false,false,false,false,false,false,false,false,false,false,false,false
1,2026-09-04 13:24:41 +0530,2026-09-04 13:43:04 +0530,3676675,0,1733,241.5,50.02,35.69,12.06,58.0,0,0,760725,0,1,0,1739,0,0,0,102,54,false,false,false,false,false,false,false,false,false,false,false,false,false,false,false,false
1,2026-09-04 13:54:05 +0530,2026-09-04 14:08:32 +0530,3676675,0,1764,242.4,50.05,35.9,13.21,56.0,0,0,726975,0,1,0,1914,0,0,0,104,72,false,false,false,false,false,false,false,false,false,false,false,false,false,false,false,false
1,2026-09-04 14:25:21 +0530,2026-09-04 14:32:25 +0530,3676675,0,1876,239.0,50.05,36.91,5.0,53.0,0,0,648225,0,1,0,749,0,0,0,104,72,false,false,false,false,false,false,false,false,false,false,false,false,false,false,false,false
1,2026-09-04 14:54:56 +0530,2026-09-04 14:57:43 +0530,3676675,0,1775,236.6,50.06,36.65,3.5,50.0,0,0,477000,0,1,0,528,0,0,0,104,80,false,false,false,false,false,false,false,false,false,false,false,false,false,false,false,false
1,2026-09-04 15:24:33 +0530,2026-09-04 15:28:22 +0530,3676675,0,1777,237.9,50.07,37.04,3.51,48.0,0,0,454500,0,1,0,533,0,0,0,104,80,false,false,false,false,false,false,false,false,false,false,false,false,false,false,false,false
1,2026-09-04 15:55:56 +0530,2026-09-04 16:05:48 +0530,3676675,0,1883,237.4,50.01,37.11,1.85,45.0,0,0,403425,0,1,0,378,0,0,0,104,50,false,false,false,false,false,false,false,false,false,false,false,false,false,false,false,false
1,2026-09-04 16:25:47 +0530,2026-09-04 16:27:51 +0530,3676675,0,1791,241.5,49.95,38.64,6.42,43.0,0,0,183375,0,1,0,1014,0,0,0,104,50,false,false,false,false,false,false,false,false,false,false,false,false,false,false,false,false
1,2026-09-04 16:54:20 +0530,2026-09-04 16:57:05 +0530,3676675,0,1713,236.2,49.86,37.16,1.58,42.0,0,0,236700,0,1,0,334,0,0,0,104,50,false,false,false,false,false,false,false,false,false,false,false,false,false,false,false,false
1,2026-09-04 17:28:07 +0530,2026-09-04 17:33:12 +0530,3676675,0,2027,237.0,49.95,36.27,0.63,37.0,0,0,78975,0,1,0,247,0,0,0,102,50,false,false,false,false,false,false,false,false,false,false,false,false,false,false,false,false
1,2026-09-04 17:52:16 +0530,2026-09-04 17:58:39 +0530,3676675,0,1449,236.5,49.97,34.83,0.24,34.0,0,0,15075,0,1,0,201,0,0,0,102,50,false,false,false,false,false,false,false,false,false,false,false,false,false,false,false,false
1,2026-09-04 18:18:34 +0530,2026-09-04 18:32:43 +0530,3676675,0,1578,236.5,49.87,37.71,0.04,33.0,0,0,6750,0,1,0,194,0,0,0,102,48,false,false,false,false,false,false,false,false,false,false,false,false,false,false,false,false
1,2026-09-05 07:12:38 +0530,2026-09-05 07:22:29 +0530,3676675,0,46444,233.1,50.03,38.9,1.06,26.0,0,0,52650,900,1,0,313,0,0,0,102,52,false,false,false,false,false,false,false,false,false,false,false,false,false,false,false,false
1,2026-09-05 08:54:19 +0530,2026-09-05 09:10:59 +0530,3676675,0,6101,242.6,50.12,38.44,6.68,39.0,0,0,913275,0,1,0,1030,0,0,0,102,62,false,false,false,false,false,false,false,false,false,false,false,false,false,false,false,false
1,2026-09-05 09:34:21 +0530,2026-09-05 09:51:00 +0530,3676675,0,2402,244.7,50.01,37.79,8.33,43.0,0,0,672975,0,1,0,1271,0,0,0,102,62,false,false,false,false,false,false,false,false,false,false,false,false,false,false,false,false
1,2026-09-05 10:05:16 +0530,2026-09-05 10:11:11 +0530,3676675,0,1855,242.7,49.94,36.86,10.18,46.0,0,0,618300,0,1,0,1532,0,0,0,102,76,false,false,false,false,false,false,false,false,false,false,false,false,false,false,false,false
1,2026-09-05 10:31:34 +0530,2026-09-05 10:35:43 +0530,3676675,0,1578,246.1,49.98,36.38,11.38,50.0,0,0,593550,0,1,0,1649,0,0,0,102,76,false,false,false,false,false,false,false,false,false,false,false,false,false,false,false,false
1,2026-09-05 11:02:59 +0530,2026-09-05 11:07:50 +0530,3676675,0,1885,247.6,49.98,37.25,13.0,50.0,0,0,672750,0,1,0,1910,0,0,0,102,76,false,false,false,false,false,false,false,false,false,false,false,false,false,false,false,false
1,2026-09-05 12:55:32 +0530,2026-09-05 13:16:52 +0530,3676675,0,1823,247.8,50.06,36.08,13.17,55.0,0,0,625500,0,1,0,1876,0,0,0,102,52,false,false,false,false,false,false,false,false,false,false,false,false,false,false,false,false
1,2026-09-05 13:17:10 +0530,2026-09-05 13:22:11 +0530,3676675,0,1298,248.8,50.02,35.38,13.54,57.0,0,0,508725,0,1,0,1889,0,0,0,102,52,false,false,false,false,false,false,false,false,false,false,false,false,false,false,false,false
1,2026-09-05 13:41:46 +0530,2026-09-05 13:46:11 +0530,3676675,0,1476,247.6,49.92,35.83,13.35,58.0,0,0,605025,0,1,0,1894,0,0,0,102,76,false,false,false,false,false,false,false,false,false,false,false,false,false,false,false,false
1,2026-09-05 14:08:41 +0530,2026-09-05 14:24:57 +0530,3676675,0,1615,247.8,49.98,37.73,12.51,51.0,0,0,398475,0,1,0,1872,0,0,0,102,76,false,false,false,false,false,false,false,false,false,false,false,false,false,false,false,false
1,2026-09-05 14:46:06 +0530,2026-09-05 14:47:38 +0530,3676675,0,2245,246.6,49.96,36.44,11.41,53.0,0,0,790425,0,1,0,1646,0,0,0,102,68,false,false,false,false,false,false,false,false,false,false,false,false,false,false,false,false
1,2026-09-05 15:34:17 +0530,2026-09-05 15:39:05 +0530,3676675,0,2891,242.6,50.02,35.78,3.5,53.0,0,0,1035000,0,1,0,507,0,0,0,102,68,false,false,false,false,false,false,false,false,false,false,false,false,false,false,false,false
1,2026-09-05 16:02:00 +0530,2026-09-05 16:08:21 +0530,3676675,0,1663,244.9,50.07,36.33,2.21,48.0,0,0,327600,0,1,0,412,0,0,0,102,54,false,false,false,false,false,false,false,false,false,false,false,false,false,false,false,false
1,2026-09-05 18:13:31 +0530,2026-09-05 18:17:26 +0530,3676675,0,1747,235.9,49.94,35.82,0.15,37.0,0,0,25200,0,1,0,195,0,0,0,104,50,false,false,false,false,false,false,false,false,false,false,false,false,false,false,false,false
1,2026-09-06 06:55:34 +0530,2026-09-06 07:02:58 +0530,3676675,0,45723,240.6,50.05,38.22,0.77,27.0,0,0,28800,1125,1,0,268,0,0,0,102,50,false,false,false,false,false,false,false,false,false,false,false,false,false,false,false,false
1,2026-09-06 07:51:04 +0530,2026-09-06 08:03:34 +0530,3676675,0,3330,236.0,50.28,39.33,3.31,34.0,0,0,229950,0,1,0,529,0,0,0,102,50,false,false,false,false,false,false,false,false,false,false,false,false,false,false,false,false
1,2026-09-06 08:22:58 +0530,2026-09-06 08:26:11 +0530,3676675,0,1914,241.2,50.08,38.72,4.81,37.0,0,0,267750,0,1,0,771,0,0,0,102,52,false,false,false,false,false,false,false,false,false,false,false,false,false,false,false,false
1,2026-09-06 08:57:05 +0530,2026-09-06 09:14:20 +0530,3676675,0,2047,244.3,50.16,38.28,5.55,41.0,0,0,414900,0,1,0,863,0,0,0,102,52,false,false,false,false,false,false,false,false,false,false,false,false,false,false,false,false
1,2026-09-06 09:27:27 +0530,2026-09-06 09:38:42 +0530,3676675,0,1822,243.8,49.82,37.75,8.31,43.0,0,0,459000,0,1,0,1263,0,0,0,102,70,false,false,false,false,false,false,false,false,false,false,false,false,false,false,false,false
1,2026-09-06 10:18:14 +0530,2026-09-06 10:21:57 +0530,3676675,0,3047,246.5,49.87,37.02,10.22,48.0,0,0,975375,0,1,0,1504,0,0,0,102,70,false,false,false,false,false,false,false,false,false,false,false,false,false,false,false,false
1,2026-09-06 11:13:08 +0530,2026-09-06 11:15:29 +0530,3676675,0,3294,244.0,50.01,36.34,5.95,51.0,0,0,1160325,0,1,0,868,0,0,0,104,64,false,false,false,false,false,false,false,false,false,false,false,false,false,false,false,false
1,2026-09-06 12:04:00 +0530,2026-09-06 12:09:45 +0530,3676675,0,3052,243.5,49.95,36.86,3.94,50.0,0,0,958950,0,1,0,583,0,0,0,104,64,false,false,false,false,false,false,false,false,false,false,false,false,false,false,false,false
1,2026-09-06 12:38:08 +0530,2026-09-06 12:40:52 +0530,3676675,0,2048,244.3,49.93,35.9,4.45,54.0,0,0,738900,0,1,0,643,0,0,0,102,74,false,false,false,false,false,false,false,false,false,false,false,false,false,false,false,false
1,2026-09-06 13:06:46 +0530,2026-09-06 13:25:11 +0530,3676675,0,1718,248.8,49.96,39.96,12.2,51.0,0,0,516825,0,1,0,1917,0,0,0,102,74,false,false,false,false,false,false,false,false,false,false,false,false,false,false,false,false
1,2026-09-06 13:38:20 +0530,2026-09-06 13:49:08 +0530,3676675,0,1894,242.9,49.98,36.42,3.36,53.0,0,0,651375,0,1,0,493,0,0,0,102,52,false,false,false,false,false,false,false,false,false,false,false,false,false,false,false,false
1,2026-09-06 14:30:16 +0530,2026-09-06 14:47:17 +0530,3676675,0,3116,246.3,49.99,36.0,10.89,55.0,0,0,1097550,0,1,0,1559,0,0,0,102,52,false,false,false,false,false,false,false,false,false,false,false,false,false,false,false,false
1,2026-09-06 15:18:34 +0530,2026-09-06 15:24:38 +0530,3676675,0,2898,244.5,50.11,37.01,9.76,50.0,0,0,871425,0,1,0,1460,0,0,0,102,76,false,false,false,false,false,false,false,false,false,false,false,false,false,false,false,false
1,2026-09-06 16:00:41 +0530,2026-09-06 16:04:01 +0530,3676675,0,2527,244.9,50.08,37.62,7.23,46.0,0,0,489825,0,1,0,1094,0,0,0,102,76,false,false,false,false,false,false,false,false,false,false,false,false,false,false,false,false
1,2026-09-06 16:44:29 +0530,2026-09-06 16:50:10 +0530,3676675,0,2628,239.6,49.95,37.32,2.61,44.0,0,0,477675,0,1,0,474,0,0,0,104,50,false,false,false,false,false,false,false,false,false,false,false,false,false,false,false,false
1,2026-09-06 17:48:25 +0530,2026-09-06 17:49:50 +0530,3676675,0,3836,238.6,49.92,36.58,0.74,39.0,0,0,344250,0,1,0,255,0,0,0,104,52,false,false,false,false,false,false,false,false,false,false,false,false,false,false,false,false
1,2026-09-06 18:17:22 +0530,2026-09-06 18:33:09 +0530,3676675,0,1737,241.3,49.88,35.81,0.14,36.0,0,0,24975,0,1,0,200,0,0,0,104,52,false,false,false,false,false,false,false,false,false,false,false,false,false,false,false,false
1,2026-09-07 06:20:26 +0530,2026-09-07 06:35:03 +0530,3676675,0,43384,234.7,49.86,38.24,0.06,26.0,0,0,225,2025,1,0,189,0,0,0,104,52,false,false,false,false,false,false,false,false,false,false,false,false,false,false,false,false
1,2026-09-07 07:31:27 +0530,2026-09-07 07:33:18 +0530,3676675,0,4261,241.9,50.02,39.53,3.26,32.0,0,0,171675,0,2,0,517,0,0,0,104,50,false,false,false,false,false,false,false,false,false,false,false,false,false,false,false,false
1,2026-09-07 08:38:28 +0530,2026-09-07 08:40:05 +0530,3676675,0,4021,248.3,50.08,38.61,6.13,39.0,0,0,658800,0,2,0,938,0,0,0,104,62,false,false,false,false,false,false,false,false,false,false,false,false,false,false,false,false
1,2026-09-07 09:05:22 +0530,2026-09-07 09:17:07 +0530,3676675,0,1614,245.1,49.89,37.9,7.77,42.0,0,0,387900,0,2,0,1179,0,0,0,104,62,false,false,false,false,false,false,false,false,false,false,false,false,false,false,false,false
1,2026-09-07 09:36:01 +0530,2026-09-07 09:41:59 +0530,3676675,0,1839,243.6,49.95,37.75,9.0,44.0,0,0,487800,0,2,0,1375,0,0,0,104,62,false,false,false,false,false,false,false,false,false,false,false,false,false,false,false,false
1,2026-09-07 10:09:31 +0530,2026-09-07 10:28:07 +0530,3676675,0,2010,244.5,50.02,37.04,9.27,47.0,0,0,685350,0,2,0,1382,0,0,0,102,66,false,false,false,false,false,false,false,false,false,false,false,false,false,false,false,false
1,2026-09-07 10:42:43 +0530,2026-09-07 10:51:12 +0530,3676675,0,1992,244.6,49.96,36.38,11.39,51.0,0,0,750375,0,2,0,1663,0,0,0,102,66,false,false,false,false,false,false,false,false,false,false,false,false,false,false,false,false
1,2026-09-07 11:13:44 +0530,2026-09-07 11:21:03 +0530,3676675,0,1861,247.0,49.99,36.46,12.25,52.0,0,0,698175,0,2,0,1765,0,0,0,102,54,false,false,false,false,false,false,false,false,false,false,false,false,false,false,false,false
1,2026-09-07 11:41:03 +0530,2026-09-07 11:45:00 +0530,3676675,0,1639,246.5,49.97,36.18,12.7,55.0,0,0,661050,0,2,0,1817,0,0,0,102,54,false,false,false,false,false,false,false,false,false,false,false,false,false,false,false,false
1,2026-09-07 12:10:20 +0530,2026-09-07 12:29:29 +0530,3676675,0,1757,243.6,49.99,36.11,4.03,52.0,0,0,643275,0,2,0,586,0,0,0,102,54,false,false,false,false,false,false,false,false,false,false,false,false,false,false,false,false
1,2026-09-07 12:39:10 +0530,2026-09-07 12:53:52 +0530,3676675,0,1730,248.3,50.01,35.93,12.6,54.0,0,0,663300,0,2,0,1784,0,0,0,104,76,false,false,false,false,false,false,false,false,false,false,false,false,false,false,false,false
1,2026-09-07 13:09:53 +0530,2026-09-07 13:39:11 +0530,3676675,0,1843,252.5,49.96,35.65,12.99,56.0,0,0,710775,0,2,0,1798,0,0,0,104,76,false,false,false,false,false,false,false,false,false,false,false,false,false,false,false,false
1,2026-09-07 13:40:23 +0530,2026-09-07 13:44:24 +0530,3676675,0,1830,248.2,49.93,35.5,12.67,57.0,0,0,788175,0,2,0,1756,0,0,0,102,78,false,false,false,false,false,false,false,false,false,false,false,false,false,false,false,false
1,2026-09-07 14:11:58 +0530,2026-09-07 14:22:54 +0530,3676675,0,1895,243.2,49.96,35.97,11.95,56.0,0,0,720000,0,2,0,1727,0,0,0,102,78,false,false,false,false,false,false,false,false,false,false,false,false,false,false,false,false
1,2026-09-07 14:40:35 +0530,2026-09-07 14:44:12 +0530,3676675,0,1717,237.8,49.95,36.93,3.62,53.0,0,0,592425,0,2,0,546,0,0,0,102,74,false,false,false,false,false,false,false,false,false,false,false,false,false,false,false,false
1,2026-09-07 15:10:31 +0530,2026-09-07 15:13:09 +0530,3676675,0,1796,239.0,50.0,37.24,2.91,48.0,0,0,396000,0,2,0,447,0,0,0,102,74,false,false,false,false,false,false,false,false,false,false,false,false,false,false,false,false
1,2026-09-07 15:43:46 +0530,2026-09-07 15:47:40 +0530,3676675,0,1995,238.5,49.95,37.21,2.94,45.0,0,0,344025,0,2,0,436,0,0,0,102,52,false,false,false,false,false,false,false,false,false,false,false,false,false,false,false,false
1,2026-09-07 16:22:58 +0530,2026-09-07 16:26:03 +0530,3676675,0,2352,242.7,49.96,37.29,6.37,47.0,0,0,514350,0,2,0,964,0,0,0,102,52,false,false,false,false,false,false,false,false,false,false,false,false,false,false,false,false
1,2026-09-07 16:47:29 +0530,2026-09-07 17:03:18 +0530,3676675,0,1471,242.7,50.04,37.69,4.65,45.0,0,0,293400,0,2,0,704,0,0,0,102,56,false,false,false,false,false,false,false,false,false,false,false,false,false,false,false,false
1,2026-09-07 17:10:18 +0530,2026-09-07 17:22:21 +0530,3676675,0,1369,241.3,49.95,37.84,2.82,45.0,0,0,189450,0,2,0,422,0,0,0,102,56,false,false,false,false,false,false,false,false,false,false,false,false,false,false,false,false
1,2026-09-07 17:40:07 +0530,2026-09-07 17:46:57 +0530,3676675,0,1789,241.8,49.88,36.7,1.1,41.0,0,0,119925,0,2,0,292,0,0,0,102,56,false,false,false,false,false,false,false,false,false,false,false,false,false,false,false,false
1,2026-09-07 18:03:40 +0530,2026-09-07 18:06:00 +0530,3676675,0,1413,243.3,50.11,35.1,0.29,38.0,0,0,31050,0,2,0,212,0,0,0,102,52,false,false,false,false,false,false,false,false,false,false,false,false,false,false,false,false
1,2026-09-07 18:27:47 +0530,2026-09-07 18:37:23 +0530,3676675,0,1447,242.4,49.79,20.98,0.02,36.0,0,0,2250,675,2,0,201,0,0,0,102,52,false,false,false,false,false,false,false,false,false,false,false,false,false,false,false,false
1,2026-09-08 06:15:56 +0530,2026-09-08 06:31:31 +0530,3676675,0,42489,238.1,49.75,36.02,0.18,26.0,0,0,0,0,2,0,195,0,0,0,102,52,false,false,false,false,false,false,false,false,false,false,false,false,false,false,false,false
1,2026-09-08 07:14:22 +0530,2026-09-08 07:20:38 +0530,3676675,0,3506,241.5,50.01,38.14,1.51,28.0,0,0,90225,0,2,0,351,0,0,0,102,52,false,false,false,false,false,false,false,false,false,false,false,false,false,false,false,false
1,2026-09-08 08:04:56 +0530,2026-09-08 08:20:40 +0530,3676675,0,3034,238.6,50.04,38.38,2.29,31.0,0,0,230175,0,2,0,438,0,0,0,102,52,false,false,false,false,false,false,false,false,false,false,false,false,false,false,false,false
1,2026-09-08 08:34:05 +0530,2026-09-08 08:45:39 +0530,3676675,0,1749,239.8,50.09,38.46,5.05,37.0,0,0,306450,0,2,0,788,0,0,0,102,56,false,false,false,false,false,false,false,false,false,false,false,false,false,false,false,false
1,2026-09-08 09:08:54 +0530,2026-09-08 09:16:50 +0530,3676675,0,2089,236.6,50.0,38.41,5.62,38.0,0,0,404100,0,2,0,896,0,0,0,102,56,false,false,false,false,false,false,false,false,false,false,false,false,false,false,false,false
1,2026-09-08 09:37:47 +0530,2026-09-08 09:43:16 +0530,3676675,0,1733,238.9,50.0,37.67,9.28,41.0,0,0,434250,0,2,0,1427,0,0,0,102,68,false,false,false,false,false,false,false,false,false,false,false,false,false,false,false,false
1,2026-09-08 10:06:41 +0530,2026-09-08 10:08:55 +0530,3676675,0,1734,239.2,49.97,37.52,10.06,44.0,0,0,552600,0,2,0,1542,0,0,0,102,68,false,false,false,false,false,false,false,false,false,false,false,false,false,false,false,false
1,2026-09-08 10:41:49 +0530,2026-09-08 10:49:59 +0530,3676675,0,2108,245.7,49.98,36.58,11.11,49.0,0,0,804600,0,2,0,1623,0,0,0,102,68,false,false,false,false,false,false,false,false,false,false,false,false,false,false,false,false
1,2026-09-08 11:06:45 +0530,2026-09-08 11:13:57 +0530,3676675,0,1496,246.3,49.94,36.75,11.69,50.0,0,0,585000,0,2,0,1704,0,0,0,102,68,false,false,false,false,false,false,false,false,false,false,false,false,false,false,false,false
1,2026-09-08 11:38:21 +0530,2026-09-08 11:42:11 +0530,3676675,0,1896,242.7,49.87,36.1,12.33,52.0,0,0,801450,0,2,0,1788,0,0,0,102,68,false,false,false,false,false,false,false,false,false,false,false,false,false,false,false,false
1,2026-09-08 12:09:37 +0530,2026-09-08 12:23:56 +0530,3676675,0,1876,245.7,49.99,36.99,10.58,50.0,0,0,823050,0,2,0,1567,0,0,0,102,76,false,false,false,false,false,false,false,false,false,false,false,false,false,false,false,false
1,2026-09-08 12:38:10 +0530,2026-09-08 12:47:01 +0530,3676675,0,1713,242.3,50.01,36.33,4.21,50.0,0,0,641250,0,2,0,631,0,0,0,102,76,false,false,false,false,false,false,false,false,false,false,false,false,false,false,false,false
1,2026-09-08 13:09:07 +0530,2026-09-08 13:14:07 +0530,3676675,0,1857,248.3,50.03,36.45,10.45,50.0,0,0,659250,0,2,0,1505,0,0,0,102,76,false,false,false,false,false,false,false,false,false,false,false,false,false,false,false,false
1,2026-09-08 13:39:23 +0530,2026-09-08 13:54:50 +0530,3676675,0,1816,247.3,49.96,37.15,12.83,49.0,0,0,593550,0,2,0,1888,0,0,0,104,68,false,false,false,false,false,false,false,false,false,false,false,false,false,false,false,false
1,2026-09-08 14:11:32 +0530,2026-09-08 14:27:42 +0530,3676675,0,1929,246.9,49.93,36.81,6.39,51.0,0,0,667800,0,2,0,939,0,0,0,104,68,false,false,false,false,false,false,false,false,false,false,false,false,false,false,false,false
1,2026-09-08 14:45:51 +0530,2026-09-08 14:53:24 +0530,3676675,0,2059,246.9,49.99,35.98,11.57,52.0,0,0,636750,0,2,0,1660,0,0,0,102,50,false,false,false,false,false,false,false,false,false,false,false,false,false,false,false,false
1,2026-09-08 15:26:21 +0530,2026-09-08 15:35:13 +0530,3676675,0,2430,247.8,49.97,36.56,9.69,52.0,0,0,845100,0,2,0,1396,0,0,0,102,50,false,false,false,false,false,false,false,false,false,false,false,false,false,false,false,false
1,2026-09-08 15:54:07 +0530,2026-09-08 15:59:31 +0530,3676675,0,1666,249.1,50.03,37.22,8.04,48.0,0,0,428400,0,2,0,1180,0,0,0,102,52,false,false,false,false,false,false,false,false,false,false,false,false,false,false,false,false
1,2026-09-08 16:17:29 +0530,2026-09-08 16:22:06 +0530,3676675,0,1402,243.3,50.04,37.3,2.13,43.0,0,0,192600,0,2,0,411,0,0,0,102,52,false,false,false,false,false,false,false,false,false,false,false,false,false,false,false,false
1,2026-09-08 16:40:39 +0530,2026-09-08 16:48:05 +0530,3676675,0,1390,244.7,50.01,37.76,2.13,41.0,0,0,108000,0,2,0,397,0,0,0,102,52,false,false,false,false,false,false,false,false,false,false,false,false,false,false,false,false
1,2026-09-08 17:04:54 +0530,2026-09-08 17:09:25 +0530,3676675,0,1455,243.3,49.97,36.84,1.41,41.0,0,0,134100,0,2,0,305,0,0,0,104,52,false,false,false,false,false,false,false,false,false,false,false,false,false,false,false,false
1,2026-09-08 17:46:30 +0530,2026-09-08 17:47:56 +0530,3676675,0,2496,244.4,50.06,36.63,0.73,38.0,0,0,120600,0,2,0,255,0,0,0,104,52,false,false,false,false,false,false,false,false,false,false,false,false,false,false,false,false
1,2026-09-08 18:10:20 +0530,2026-09-08 18:17:31 +0530,3676675,0,1430,241.9,49.97,35.17,0.15,36.0,0,0,16650,0,2,0,201,0,0,0,102,50,false,false,false,false,false,false,false,false,false,false,false,false,false,false,false,false
1,2026-09-09 06:27:34 +0530,2026-09-09 06:31:35 +0530,3676675,0,44234,234.3,49.8,36.58,0.23,25.0,0,0,3150,1800,2,0,197,0,0,0,102,50,false,false,false,false,false,false,false,false,false,false,false,false,false,false,false,false
1,2026-09-09 07:21:46 +0530,2026-09-09 07:32:59 +0530,3676675,0,3252,243.7,50.04,38.19,1.22,28.0,0,0,109350,0,2,0,316,0,0,0,102,52,false,false,false,false,false,false,false,false,false,false,false,false,false,false,false,false
1,2026-09-09 08:09:14 +0530,2026-09-09 08:12:02 +0530,3676675,0,2848,237.5,50.02,39.79,5.41,32.0,0,0,257400,0,2,0,896,0,0,0,102,52,false,false,false,false,false,false,false,false,false,false,false,false,false,false,false,false
1,2026-09-09 08:40:22 +0530,2026-09-09 08:53:12 +0530,3676675,0,1868,238.7,50.0,39.33,6.2,36.0,0,0,372825,0,2,0,992,0,0,0,102,56,false,false,false,false,false,false,false,false,false,false,false,false,false,false,false,false
1,2026-09-09 09:34:14 +0530,2026-09-09 09:43:14 +0530,3676675,0,3232,245.0,50.04,38.12,9.13,41.0,0,0,781200,0,2,0,1416,0,0,0,102,56,false,false,false,false,false,false,false,false,false,false,false,false,false,false,false,false
1,2026-09-09 10:04:16 +0530,2026-09-09 10:08:20 +0530,3676675,0,1802,246.2,50.0,38.65,11.23,41.0,0,0,479700,0,2,0,1729,0,0,0,102,52,false,false,false,false,false,false,false,false,false,false,false,false,false,false,false,false
1,2026-09-09 10:37:28 +0530,2026-09-09 10:46:22 +0530,3676675,0,1992,244.3,49.93,37.44,10.68,45.0,0,0,664425,0,2,0,1596,0,0,0,102,52,false,false,false,false,false,false,false,false,false,false,false,false,false,false,false,false
1,2026-09-09 11:12:15 +0530,2026-09-09 11:16:50 +0530,3676675,0,2087,243.7,49.95,36.97,5.0,48.0,0,0,660600,0,2,0,746,0,0,0,104,74,false,false,false,false,false,false,false,false,false,false,false,false,false,false,false,false
1,2026-09-09 13:08:57 +0530,2026-09-09 13:17:14 +0530,3676675,0,7002,247.3,50.0,35.55,13.15,56.0,0,0,1374750,0,2,0,1852,0,0,0,0,0,false,false,false,false,false,false,false,false,false,false,false,false,false,false,false,false
1,2026-09-09 13:41:22 +0530,2026-09-09 13:54:52 +0530,3676675,0,1945,237.9,50.04,37.99,5.66,47.0,0,0,476775,0,2,0,878,0,0,0,104,54,false,false,false,false,false,false,false,false,false,false,false,false,false,false,false,false
1,2026-09-09 14:18:30 +0530,2026-09-09 14:27:46 +0530,3676675,0,2228,239.9,50.04,37.43,8.66,46.0,0,0,587025,0,2,0,1325,0,0,0,104,54,false,false,false,false,false,false,false,false,false,false,false,false,false,false,false,false
1,2026-09-09 15:01:27 +0530,2026-09-09 15:11:34 +0530,3676675,0,2577,240.5,50.09,37.3,3.53,49.0,0,0,777150,0,2,0,531,0,0,0,102,58,false,false,false,false,false,false,false,false,false,false,false,false,false,false,false,false
1,2026-09-09 15:26:41 +0530,2026-09-09 15:30:21 +0530,3676675,0,1514,241.4,50.02,36.94,9.32,51.0,0,0,542475,0,2,0,1399,0,0,0,102,58,false,false,false,false,false,false,false,false,false,false,false,false,false,false,false,false
1,2026-09-09 15:48:56 +0530,2026-09-09 15:51:47 +0530,3676675,0,1335,240.7,50.05,37.41,7.7,49.0,0,0,397800,0,2,0,1180,0,0,0,104,76,false,false,false,false,false,false,false,false,false,false,false,false,false,false,false,false
1,2026-09-09 16:13:44 +0530,2026-09-09 16:18:50 +0530,3676675,0,1488,241.8,49.99,38.09,6.11,46.0,0,0,343125,0,2,0,950,0,0,0,104,76,false,false,false,false,false,false,false,false,false,false,false,false,false,false,false,false
1,2026-09-09 16:37:36 +0530,2026-09-09 16:40:01 +0530,3676675,0,1432,241.5,49.97,38.29,4.61,44.0,0,0,272475,0,2,0,716,0,0,0,102,56,false,false,false,false,false,false,false,false,false,false,false,false,false,false,false,false
1,2026-09-09 17:03:17 +0530,2026-09-09 17:05:01 +0530,3676675,0,1541,244.3,50.12,38.41,3.54,43.0,0,0,235575,0,2,0,540,0,0,0,102,56,false,false,false,false,false,false,false,false,false,false,false,false,false,false,false,false
1,2026-09-09 17:28:06 +0530,2026-09-09 17:30:00 +0530,3676675,0,1489,242.7,49.75,38.41,2.07,41.0,0,0,126225,0,2,0,401,0,0,0,102,56,false,false,false,false,false,false,false,false,false,false,false,false,false,false,false,false
1,2026-09-09 17:59:21 +0530,2026-09-09 18:05:05 +0530,3676675,0,1875,241.8,50.0,36.52,0.64,37.0,0,0,83925,0,2,0,247,0,0,0,102,54,false,false,false,false,false,false,false,false,false,false,false,false,false,false,false,false
1,2026-09-09 18:26:39 +0530,2026-09-09 18:29:57 +0530,3676675,0,1638,240.8,49.8,21.0,0.01,34.0,0,0,9000,450,2,0,194,0,0,0,102,54,false,false,false,false,false,false,false,false,false,false,false,false,false,false,false,false
1,2026-09-10 06:26:36 +0530,2026-09-10 06:34:01 +0530,3676675,0,43197,237.8,49.62,36.84,0.11,25.0,0,0,450,0,2,0,192,0,0,0,102,49,false,false,false,false,false,false,false,false,false,false,false,false,false,false,false,false
1,2026-09-10 07:49:26 +0530,2026-09-10 07:52:20 +0530,3676675,0,4970,245.0,50.11,39.23,2.57,33.0,0,0,239175,0,2,0,396,0,0,0,102,49,false,false,false,false,false,false,false,false,false,false,false,false,false,false,false,false
1,2026-09-10 08:50:06 +0530,2026-09-10 08:58:25 +0530,3676675,0,3640,241.3,50.07,38.55,3.86,37.0,0,0,483075,0,2,0,597,0,0,0,104,56,false,false,false,false,false,false,false,false,false,false,false,false,false,false,false,false
1,2026-09-10 09:26:10 +0530,2026-09-10 09:28:52 +0530,3676675,0,2164,245.8,50.0,37.91,8.32,41.0,0,0,540900,0,2,0,1261,0,0,0,104,56,false,false,false,false,false,false,false,false,false,false,false,false,false,false,false,false
1,2026-09-10 10:01:07 +0530,2026-09-10 10:12:23 +0530,3676675,0,2097,242.2,49.99,37.68,5.56,43.0,0,0,584550,0,2,0,854,0,0,0,102,68,false,false,false,false,false,false,false,false,false,false,false,false,false,false,false,false
1,2026-09-10 10:32:20 +0530,2026-09-10 10:41:01 +0530,3676675,0,1873,244.0,49.96,37.53,11.56,45.0,0,0,490275,0,2,0,1741,0,0,0,102,68,false,false,false,false,false,false,false,false,false,false,false,false,false,false,false,false
1,2026-09-10 11:02:47 +0530,2026-09-10 11:08:54 +0530,3676675,0,1827,244.2,49.8,37.14,10.43,47.0,0,0,607950,0,2,0,1564,0,0,0,104,72,false,false,false,false,false,false,false,false,false,false,false,false,false,false,false,false
1,2026-09-10 11:37:11 +0530,2026-09-10 11:39:15 +0530,3676675,0,2064,247.1,50.0,36.69,11.43,50.0,0,0,717975,0,2,0,1659,0,0,0,104,72,false,false,false,false,false,false,false,false,false,false,false,false,false,false,false,false
1,2026-09-10 12:08:24 +0530,2026-09-10 12:17:14 +0530,3676675,0,1873,249.3,50.07,35.9,12.91,54.0,0,0,679725,0,2,0,1813,0,0,0,104,80,false,false,false,false,false,false,false,false,false,false,false,false,false,false,false,false
1,2026-09-10 12:43:02 +0530,2026-09-10 12:54:49 +0530,3676675,0,2078,242.8,49.98,36.81,4.68,52.0,0,0,740475,0,2,0,695,0,0,0,104,80,false,false,false,false,false,false,false,false,false,false,false,false,false,false,false,false
1,2026-09-10 13:18:05 +0530,2026-09-10 13:25:55 +0530,3676675,0,2103,245.5,50.03,37.72,4.5,46.0,0,0,544725,0,2,0,672,0,0,0,102,54,false,false,false,false,false,false,false,false,false,false,false,false,false,false,false,false
1,2026-09-10 13:52:11 +0530,2026-09-10 13:53:45 +0530,3676675,0,2046,248.8,49.99,37.44,9.33,47.0,0,0,529200,0,2,0,1386,0,0,0,102,54,false,false,false,false,false,false,false,false,false,false,false,false,false,false,false,false
1,2026-09-10 14:26:25 +0530,2026-09-10 14:27:01 +0530,3676675,0,2054,244.6,50.02,37.41,6.02,47.0,0,0,570375,0,2,0,895,0,0,0,102,60,false,false,false,false,false,false,false,false,false,false,false,false,false,false,false,false
1,2026-09-10 14:59:22 +0530,2026-09-10 15:00:30 +0530,3676675,0,1977,244.2,49.96,38.23,5.26,44.0,0,0,337050,0,2,0,818,0,0,0,102,60,false,false,false,false,false,false,false,false,false,false,false,false,false,false,false,false
1,2026-09-10 15:22:22 +0530,2026-09-10 15:24:43 +0530,3676675,0,1380,245.2,50.0,38.1,6.65,44.0,0,0,301725,0,2,0,1011,0,0,0,102,60,false,false,false,false,false,false,false,false,false,false,false,false,false,false,false,false
1,2026-09-10 15:45:36 +0530,2026-09-10 15:47:48 +0530,3676675,0,1394,245.9,50.0,37.97,4.44,45.0,0,0,265725,0,2,0,666,0,0,0,102,56,false,false,false,false,false,false,false,false,false,false,false,false,false,false,false,false
1,2026-09-10 16:08:44 +0530,2026-09-10 16:09:16 +0530,3676675,0,1388,238.8,50.04,38.26,2.95,43.0,0,0,175500,0,2,0,447,0,0,0,102,56,false,false,false,false,false,false,false,false,false,false,false,false,false,false,false,false
1,2026-09-10 16:32:39 +0530,2026-09-10 16:34:21 +0530,3676675,0,1435,240.5,49.96,37.96,2.26,41.0,0,0,141750,0,2,0,431,0,0,0,102,56,false,false,false,false,false,false,false,false,false,false,false,false,false,false,false,false
1,2026-09-10 16:55:51 +0530,2026-09-10 16:59:16 +0530,3676675,0,1392,239.5,49.83,38.09,2.65,42.0,0,0,162225,0,2,0,413,0,0,0,102,51,false,false,false,false,false,false,false,false,false,false,false,false,false,false,false,false
1,2026-09-10 17:19:12 +0530,2026-09-10 17:21:45 +0530,3676675,0,1401,241.5,49.85,37.82,1.81,41.0,0,0,128925,0,2,0,359,0,0,0,102,51,false,false,false,false,false,false,false,false,false,false,false,false,false,false,false,false
1,2026-09-10 17:42:28 +0530,2026-09-10 17:47:40 +0530,3676675,0,1396,239.0,49.49,36.87,0.87,38.0,0,0,63450,0,2,0,268,0,0,0,102,51,false,false,false,false,false,false,false,false,false,false,false,false,false,false,false,false
1,2026-09-10 18:10:58 +0530,2026-09-10 18:18:08 +0530,3676675,0,1710,241.0,49.81,36.45,0.16,36.0,0,0,31275,0,2,0,200,0,0,0,102,51,false,false,false,false,false,false,false,false,false,false,false,false,false,false,false,false
1,2026-09-11 06:28:18 +0530,2026-09-11 06:33:09 +0530,3676675,0,44240,234.6,49.46,36.25,0.28,26.0,0,0,1800,0,2,0,198,0,0,0,102,51,false,false,false,false,false,false,false,false,false,false,false,false,false,false,false,false
1,2026-09-11 07:52:30 +0530,2026-09-11 07:53:28 +0530,3676675,0,5052,238.1,49.96,38.32,1.61,30.0,0,0,178425,0,2,0,369,0,0,0,104,56,false,false,false,false,false,false,false,false,false,false,false,false,false,false,false,false
1,2026-09-11 08:56:55 +0530,2026-09-11 08:57:17 +0530,3676675,0,3865,239.3,50.02,38.38,2.71,36.0,0,0,375075,0,2,0,421,0,0,0,104,56,false,false,false,false,false,false,false,false,false,false,false,false,false,false,false,false
1,2026-09-11 09:32:05 +0530,2026-09-11 09:40:55 +0530,3676675,0,2110,243.0,49.97,38.84,6.54,36.0,0,0,258525,0,2,0,1016,0,0,0,102,54,false,false,false,false,false,false,false,false,false,false,false,false,false,false,false,false
1,2026-09-11 10:06:36 +0530,2026-09-11 10:08:41 +0530,3676675,0,2071,243.4,49.89,37.47,9.5,43.0,0,0,615600,0,2,0,1429,0,0,0,102,54,false,false,false,false,false,false,false,false,false,false,false,false,false,false,false,false
1,2026-09-11 10:37:07 +0530,2026-09-11 10:40:18 +0530,3676675,0,1831,239.4,50.02,37.54,8.02,45.0,0,0,552825,0,2,0,1231,0,0,0,102,70,false,false,false,false,false,false,false,false,false,false,false,false,false,false,false,false
1,2026-09-11 11:08:16 +0530,2026-09-11 11:16:39 +0530,3676675,0,1869,243.0,49.97,36.42,11.98,49.0,0,0,632025,0,2,0,1757,0,0,0,102,70,false,false,false,false,false,false,false,false,false,false,false,false,false,false,false,false
1,2026-09-11 11:44:41 +0530,2026-09-11 11:46:07 +0530,3676675,0,2185,241.9,49.94,36.32,12.03,51.0,0,0,723825,0,2,0,1761,0,0,0,102,74,false,false,false,false,false,false,false,false,false,false,false,false,false,false,false,false
1,2026-09-11 12:16:39 +0530,2026-09-11 12:18:35 +0530,3676675,0,1918,243.3,50.0,35.84,12.92,55.0,0,0,740925,0,2,0,1853,0,0,0,102,74,false,false,false,false,false,false,false,false,false,false,false,false,false,false,false,false
1,2026-09-11 12:50:48 +0530,2026-09-11 12:53:26 +0530,3676675,0,2049,245.7,49.98,36.77,13.29,58.0,0,0,856125,0,2,0,1941,0,0,0,102,70,false,false,false,false,false,false,false,false,false,false,false,false,false,false,false,false
1,2026-09-11 13:24:52 +0530,2026-09-11 13:26:17 +0530,3676675,0,2044,248.0,50.06,37.86,12.92,54.0,0,0,668925,0,2,0,1936,0,0,0,102,70,false,false,false,false,false,false,false,false,false,false,false,false,false,false,false,false
1,2026-09-11 13:58:32 +0530,2026-09-11 14:05:27 +0530,3676675,0,2020,247.8,50.05,37.69,4.57,48.0,0,0,432450,0,2,0,686,0,0,0,102,54,false,false,false,false,false,false,false,false,false,false,false,false,false,false,false,false
1,2026-09-11 14:32:48 +0530,2026-09-11 14:39:23 +0530,3676675,0,2056,245.4,49.98,36.12,11.48,55.0,0,0,713925,0,2,0,1654,0,0,0,102,54,false,false,false,false,false,false,false,false,false,false,false,false,false,false,false,false
1,2026-09-11 15:05:10 +0530,2026-09-11 15:05:34 +0530,3676675,0,1942,247.1,50.09,37.09,8.72,52.0,0,0,621000,0,2,0,1282,0,0,0,104,66,false,false,false,false,false,false,false,false,false,false,false,false,false,false,false,false
1,2026-09-11 15:28:58 +0530,2026-09-11 15:32:02 +0530,3676675,0,1428,243.4,50.02,37.81,2.88,46.0,0,0,212175,0,2,0,431,0,0,0,104,66,false,false,false,false,false,false,false,false,false,false,false,false,false,false,false,false
1,2026-09-11 15:52:07 +0530,2026-09-11 15:56:33 +0530,3676675,0,1389,244.4,49.96,37.56,2.5,44.0,0,0,208800,0,2,0,367,0,0,0,104,66,false,false,false,false,false,false,false,false,false,false,false,false,false,false,false,false
1,2026-09-11 16:17:00 +0530,2026-09-11 16:19:21 +0530,3676675,0,1493,239.0,49.95,38.02,5.06,44.0,0,0,231075,0,2,0,790,0,0,0,102,60,false,false,false,false,false,false,false,false,false,false,false,false,false,false,false,false
1,2026-09-11 16:41:11 +0530,2026-09-11 16:41:42 +0530,3676675,0,1451,240.0,49.89,37.9,4.98,45.0,0,0,258075,0,2,0,771,0,0,0,102,60,false,false,false,false,false,false,false,false,false,false,false,false,false,false,false,false
1,2026-09-11 17:04:10 +0530,2026-09-11 17:06:45 +0530,3676675,0,1379,238.7,50.12,38.16,2.9,45.0,0,0,197550,0,2,0,438,0,0,0,102,60,false,false,false,false,false,false,false,false,false,false,false,false,false,false,false,false
1,2026-09-11 17:27:13 +0530,2026-09-11 17:31:43 +0530,3676675,0,1383,238.0,49.84,37.29,1.27,41.0,0,0,85500,0,2,0,317,0,0,0,104,51,false,false,false,false,false,false,false,false,false,false,false,false,false,false,false,false
1,2026-09-11 18:03:55 +0530,2026-09-11 18:06:42 +0530,3676675,0,2202,240.6,50.07,34.95,0.29,37.0,0,0,58500,0,2,0,209,0,0,0,104,51,false,false,false,false,false,false,false,false,false,false,false,false,false,false,false,false
1,2026-09-12 06:25:10 +0530,2026-09-12 06:26:58 +0530,3676675,0,44475,236.6,50.0,29.81,0.22,26.0,0,0,3150,0,2,0,196,0,0,0,102,51,false,false,false,false,false,false,false,false,false,false,false,false,false,false,false,false
1,2026-09-12 07:49:31 +0530,2026-09-12 07:51:14 +0530,3676675,0,5061,239.5,50.03,39.23,3.02,32.0,0,0,258750,0,2,0,479,0,0,0,102,54,false,false,false,false,false,false,false,false,false,false,false,false,false,false,false,false
1,2026-09-12 08:54:59 +0530,2026-09-12 08:57:20 +0530,3676675,0,3928,240.8,50.04,38.39,8.43,39.0,0,0,700650,0,2,0,1315,0,0,0,102,54,false,false,false,false,false,false,false,false,false,false,false,false,false,false,false,false
1,2026-09-12 09:31:17 +0530,2026-09-12 09:31:35 +0530,3676675,0,2178,236.2,49.98,38.55,4.3,41.0,0,0,561600,0,2,0,673,0,0,0,102,64,false,false,false,false,false,false,false,false,false,false,false,false,false,false,false,false
1,2026-09-12 10:06:27 +0530,2026-09-12 10:09:27 +0530,3676675,0,2110,240.1,50.24,37.55,8.9,43.0,0,0,515475,0,2,0,1357,0,0,0,102,64,false,false,false,false,false,false,false,false,false,false,false,false,false,false,false,false
1,2026-09-12 10:38:13 +0530,2026-09-12 10:39:32 +0530,3676675,0,1906,237.7,50.08,37.07,6.98,47.0,0,0,610200,0,2,0,1068,0,0,0,102,70,false,false,false,false,false,false,false,false,false,false,false,false,false,false,false,false
1,2026-09-12 11:09:46 +0530,2026-09-12 11:10:24 +0530,3676675,0,1893,239.0,50.04,36.51,10.44,51.0,0,0,631125,0,2,0,1564,0,0,0,102,70,false,false,false,false,false,false,false,false,false,false,false,false,false,false,false,false
1,2026-09-12 11:44:22 +0530,2026-09-12 11:52:25 +0530,3676675,0,2076,239.7,49.86,36.41,10.29,52.0,0,0,758250,0,2,0,1530,0,0,0,102,82,false,false,false,false,false,false,false,false,false,false,false,false,false,false,false,false
1,2026-09-12 12:18:00 +0530,2026-09-12 12:26:24 +0530,3676675,0,2018,240.2,49.83,35.34,12.48,58.0,0,0,833400,0,2,0,1794,0,0,0,102,82,false,false,false,false,false,false,false,false,false,false,false,false,false,false,false,false
1,2026-09-12 12:51:40 +0530,2026-09-12 13:01:23 +0530,3676675,0,2020,237.9,49.96,36.42,4.72,57.0,0,0,800325,0,2,0,701,0,0,0,102,56,false,false,false,false,false,false,false,false,false,false,false,false,false,false,false,false
1,2026-09-12 13:25:29 +0530,2026-09-12 13:26:00 +0530,3676675,0,2029,244.4,50.04,37.36,9.86,52.0,0,0,634950,0,2,0,1477,0,0,0,102,56,false,false,false,false,false,false,false,false,false,false,false,false,false,false,false,false
1,2026-09-12 13:58:43 +0530,2026-09-12 13:59:26 +0530,3676675,0,1994,244.9,50.04,36.45,8.54,53.0,0,0,684900,0,2,0,1249,0,0,0,102,56,false,false,false,false,false,false,false,false,false,false,false,false,false,false,false,false
1,2026-09-12 14:33:04 +0530,2026-09-12 14:37:05 +0530,3676675,0,2061,244.3,50.12,37.02,8.12,51.0,0,0,616725,0,2,0,1207,0,0,0,102,70,false,false,false,false,false,false,false,false,false,false,false,false,false,false,false,false
1,2026-09-12 15:07:07 +0530,2026-09-12 15:17:11 +0530,3676675,0,2043,240.8,49.96,37.72,5.9,48.0,0,0,519750,0,2,0,905,0,0,0,102,70,false,false,false,false,false,false,false,false,false,false,false,false,false,false,false,false
1,2026-09-12 15:36:05 +0530,2026-09-12 15:37:54 +0530,3676675,0,1738,240.5,49.96,37.76,5.68,46.0,0,0,387000,0,2,0,881,0,0,0,102,66,false,false,false,false,false,false,false,false,false,false,false,false,false,false,false,false
1,2026-09-12 16:00:30 +0530,2026-09-12 16:05:32 +0530,3676675,0,1465,238.3,49.96,37.88,4.37,45.0,0,0,281025,0,2,0,680,0,0,0,102,66,false,false,false,false,false,false,false,false,false,false,false,false,false,false,false,false
1,2026-09-12 16:24:16 +0530,2026-09-12 16:25:39 +0530,3676675,0,1426,239.4,49.97,37.96,3.04,44.0,0,0,194400,0,2,0,463,0,0,0,102,58,false,false,false,false,false,false,false,false,false,false,false,false,false,false,false,false
1,2026-09-12 16:47:20 +0530,2026-09-12 16:48:44 +0530,3676675,0,1384,239.1,49.95,37.95,2.17,42.0,0,0,128025,0,2,0,413,0,0,0,102,58,false,false,false,false,false,false,false,false,false,false,false,false,false,false,false,false
1,2026-09-12 17:18:57 +0530,2026-09-12 17:19:20 +0530,3676675,0,1897,239.1,49.94,37.27,1.37,39.0,0,0,119475,0,2,0,325,0,0,0,102,58,false,false,false,false,false,false,false,false,false,false,false,false,false,false,false,false
1,2026-09-12 17:42:36 +0530,2026-09-12 17:48:33 +0530,3676675,0,1419,238.7,49.96,36.54,0.78,37.0,0,0,52200,0,2,0,256,0,0,0,104,54,false,false,false,false,false,false,false,false,false,false,false,false,false,false,false,false
1,2026-09-12 18:20:33 +0530,2026-09-12 18:22:34 +0530,3676675,0,2277,234.2,49.97,17.35,0.04,35.0,0,0,23850,225,2,0,192,0,0,0,104,54,false,false,false,false,false,false,false,false,false,false,false,false,false,false,false,false
1,2026-09-13 06:26:28 +0530,2026-09-13 06:31:34 +0530,3676675,0,43555,236.1,49.98,36.21,0.26,25.0,0,0,1575,0,2,0,202,0,0,0,102,51,false,false,false,false,false,false,false,false,false,false,false,false,false,false,false,false
1,2026-09-13 07:49:49 +0530,2026-09-13 07:50:42 +0530,3676675,0,5001,243.9,50.12,39.02,2.04,30.0,0,0,214200,0,2,0,400,0,0,0,102,51,false,false,false,false,false,false,false,false,false,false,false,false,false,false,false,false
1,2026-09-13 08:54:14 +0530,2026-09-13 09:03:01 +0530,3676675,0,3865,244.8,50.09,39.05,3.25,34.0,0,0,370125,0,3,0,494,0,0,0,104,54,false,false,false,false,false,false,false,false,false,false,false,false,false,false,false,false
1,2026-09-13 09:29:46 +0530,2026-09-13 09:38:25 +0530,3676675,0,2132,242.4,50.09,39.04,3.98,36.0,0,0,289575,0,3,0,610,0,0,0,104,54,false,false,false,false,false,false,false,false,false,false,false,false,false,false,false,false
1,2026-09-13 10:07:13 +0530,2026-09-13 10:08:03 +0530,3676675,0,2247,242.7,49.99,38.71,5.4,37.0,0,0,396000,0,3,0,840,0,0,0,102,56,false,false,false,false,false,false,false,false,false,false,false,false,false,false,false,false
1,2026-09-13 10:40:15 +0530,2026-09-13 10:42:31 +0530,3676675,0,1982,242.5,49.97,38.31,5.41,41.0,0,0,441225,0,3,0,833,0,0,0,102,56,false,false,false,false,false,false,false,false,false,false,false,false,false,false,false,false
1,2026-09-13 11:12:53 +0530,2026-09-13 11:18:19 +0530,3676675,0,1958,242.0,49.91,38.44,4.59,40.0,0,0,358875,0,3,0,706,0,0,0,102,54,false,false,false,false,false,false,false,false,false,false,false,false,false,false,false,false
1,2026-09-13 11:47:51 +0530,2026-09-13 11:56:51 +0530,3676675,0,2098,242.5,49.91,38.59,5.11,40.0,0,0,377100,0,3,0,791,0,0,0,102,54,false,false,false,false,false,false,false,false,false,false,false,false,false,false,false,false
1,2026-09-13 12:19:20 +0530,2026-09-13 12:19:59 +0530,3676675,0,1889,243.9,49.88,38.08,6.23,42.0,0,0,399825,0,3,0,963,0,0,0,102,56,false,false,false,false,false,false,false,false,false,false,false,false,false,false,false,false
1,2026-09-13 12:53:27 +0530,2026-09-13 12:56:02 +0530,3676675,0,2047,244.5,50.02,37.69,7.63,44.0,0,0,514800,0,3,0,1157,0,0,0,102,56,false,false,false,false,false,false,false,false,false,false,false,false,false,false,false,false
1,2026-09-13 13:26:23 +0530,2026-09-13 13:28:14 +0530,3676675,0,1976,247.5,49.97,37.76,6.82,45.0,0,0,513675,0,3,0,1009,0,0,0,102,70,false,false,false,false,false,false,false,false,false,false,false,false,false,false,false,false
1,2026-09-13 14:00:02 +0530,2026-09-13 14:05:28 +0530,3676675,0,2019,246.5,50.07,37.33,7.17,47.0,0,0,535950,0,3,0,1067,0,0,0,102,70,false,false,false,false,false,false,false,false,false,false,false,false,false,false,false,false
1,2026-09-13 14:36:08 +0530,2026-09-13 14:39:55 +0530,3676675,0,2166,248.5,50.01,36.02,11.19,54.0,0,0,779625,0,3,0,1585,0,0,0,102,68,false,false,false,false,false,false,false,false,false,false,false,false,false,false,false,false
1,2026-09-13 15:08:39 +0530,2026-09-13 15:17:11 +0530,3676675,0,1951,245.4,50.02,37.92,4.89,48.0,0,0,454725,0,3,0,741,0,0,0,102,68,false,false,false,false,false,false,false,false,false,false,false,false,false,false,false,false
1,2026-09-13 15:34:21 +0530,2026-09-13 15:35:56 +0530,3676675,0,1542,244.8,49.96,38.17,4.32,45.0,0,0,275625,0,3,0,661,0,0,0,102,54,false,false,false,false,false,false,false,false,false,false,false,false,false,false,false,false
1,2026-09-13 15:58:29 +0530,2026-09-13 16:01:07 +0530,3676675,0,1448,244.5,49.96,38.15,3.89,43.0,0,0,209025,0,3,0,593,0,0,0,102,54,false,false,false,false,false,false,false,false,false,false,false,false,false,false,false,false
1,2026-09-13 16:24:09 +0530,2026-09-13 16:26:05 +0530,3676675,0,1540,240.5,50.01,38.26,4.25,43.0,0,0,231750,0,3,0,660,0,0,0,102,54,false,false,false,false,false,false,false,false,false,false,false,false,false,false,false,false
1,2026-09-13 16:49:22 +0530,2026-09-13 16:52:20 +0530,3676675,0,1513,238.5,50.09,38.05,3.01,43.0,0,0,235350,0,3,0,465,0,0,0,102,54,false,false,false,false,false,false,false,false,false,false,false,false,false,false,false,false
1,2026-09-13 17:14:19 +0530,2026-09-13 17:19:43 +0530,3676675,0,1497,237.6,50.07,37.47,1.32,40.0,0,0,104625,0,3,0,323,0,0,0,102,54,false,false,false,false,false,false,false,false,false,false,false,false,false,false,false,false
1,2026-09-13 17:38:23 +0530,2026-09-13 17:41:00 +0530,3676675,0,1444,237.8,49.99,35.85,0.55,37.0,0,0,45450,0,3,0,235,0,0,0,102,54,false,false,false,false,false,false,false,false,false,false,false,false,false,false,false,false
1,2026-09-13 18:03:08 +0530,2026-09-13 18:06:04 +0530,3676675,0,1485,241.4,50.11,35.4,0.15,34.0,0,0,14625,0,3,0,199,0,0,0,102,51,false,false,false,false,false,false,false,false,false,false,false,false,false,false,false,false
1,2026-09-14 06:49:16 +0530,2026-09-14 06:53:28 +0530,3676675,0,45968,238.7,49.99,38.79,1.1,28.0,0,0,49500,0,3,0,309,0,0,0,102,54,false,false,false,false,false,false,false,false,false,false,false,false,false,false,false,false
1,2026-09-14 08:10:42 +0530,2026-09-14 08:11:22 +0530,3676675,0,4886,242.7,50.06,38.63,4.27,39.0,0,0,459450,0,3,0,667,0,0,0,104,54,false,false,false,false,false,false,false,false,false,false,false,false,false,false,false,false
1,2026-09-14 09:02:24 +0530,2026-09-14 09:03:00 +0530,3676675,0,3102,240.8,50.1,38.04,6.09,43.0,0,0,615375,0,3,0,938,0,0,0,104,54,false,false,false,false,false,false,false,false,false,false,false,false,false,false,false,false
1,2026-09-14 09:30:42 +0530,2026-09-14 09:41:12 +0530,3676675,0,1698,241.2,49.97,37.53,7.58,45.0,0,0,427275,0,3,0,1152,0,0,0,104,66,false,false,false,false,false,false,false,false,false,false,false,false,false,false,false,false
1,2026-09-14 10:02:54 +0530,2026-09-14 10:06:24 +0530,3676675,0,1932,237.6,49.91,37.99,3.9,43.0,0,0,407025,0,3,0,605,0,0,0,104,66,false,false,false,false,false,false,false,false,false,false,false,false,false,false,false,false
1,2026-09-14 10:35:07 +0530,2026-09-14 10:41:57 +0530,3676675,0,1933,244.3,49.91,36.89,10.47,45.0,0,0,414675,0,3,0,1555,0,0,0,102,66,false,false,false,false,false,false,false,false,false,false,false,false,false,false,false,false
1,2026-09-14 11:06:51 +0530,2026-09-14 11:09:03 +0530,3676675,0,1904,246.8,50.09,37.46,7.49,46.0,0,0,457875,0,3,0,1122,0,0,0,102,66,false,false,false,false,false,false,false,false,false,false,false,false,false,false,false,false
1,2026-09-14 11:42:51 +0530,2026-09-14 11:48:25 +0530,3676675,0,2160,248.2,49.9,35.4,12.11,56.0,0,0,802125,0,3,0,1685,0,0,0,102,66,false,false,false,false,false,false,false,false,false,false,false,false,false,false,false,false
1,2026-09-14 12:16:58 +0530,2026-09-14 12:18:30 +0530,3676675,0,2047,243.6,50.05,35.07,12.96,62.0,0,0,880200,0,3,0,1822,0,0,0,102,78,false,false,false,false,false,false,false,false,false,false,false,false,false,false,false,false
1,2026-09-14 12:53:28 +0530,2026-09-14 12:57:38 +0530,3676675,0,2190,242.8,49.9,35.25,11.77,60.0,0,0,816975,0,3,0,1667,0,0,0,102,78,false,false,false,false,false,false,false,false,false,false,false,false,false,false,false,false
1,2026-09-14 13:29:40 +0530,2026-09-14 13:32:12 +0530,3676675,0,2172,246.4,50.01,36.56,9.72,56.0,0,0,656775,0,3,0,1424,0,0,0,102,56,false,false,false,false,false,false,false,false,false,false,false,false,false,false,false,false
1,2026-09-14 14:06:03 +0530,2026-09-14 14:17:09 +0530,3676675,0,2183,240.4,50.05,36.31,3.42,53.0,0,0,643275,0,3,0,499,0,0,0,102,56,false,false,false,false,false,false,false,false,false,false,false,false,false,false,false,false
1,2026-09-14 14:40:59 +0530,2026-09-14 14:50:52 +0530,3676675,0,2096,242.4,50.0,36.28,8.69,56.0,0,0,720900,0,3,0,1278,0,0,0,102,70,false,false,false,false,false,false,false,false,false,false,false,false,false,false,false,false
1,2026-09-14 15:21:42 +0530,2026-09-14 15:29:21 +0530,3676675,0,2443,242.5,49.98,36.63,9.9,52.0,0,0,552150,0,3,0,1464,0,0,0,102,70,false,false,false,false,false,false,false,false,false,false,false,false,false,false,false,false
1,2026-09-14 15:56:48 +0530,2026-09-14 15:57:34 +0530,3676675,0,2106,238.8,49.93,37.38,2.69,48.0,0,0,391500,0,3,0,405,0,0,0,102,101,false,false,false,false,false,false,false,false,false,false,false,false,false,false,false,false
1,2026-09-14 16:20:44 +0530,2026-09-14 16:23:49 +0530,3676675,0,1436,240.4,49.97,36.88,1.29,43.0,0,0,115875,0,3,0,313,0,0,0,102,101,false,false,false,false,false,false,false,false,false,false,false,false,false,false,false,false
1,2026-09-14 16:43:45 +0530,2026-09-14 16:50:01 +0530,3676675,0,1381,237.3,49.95,35.13,0.41,36.0,0,0,48150,0,3,0,219,0,0,0,102,51,false,false,false,false,false,false,false,false,false,false,false,false,false,false,false,false
1,2026-09-14 17:11:08 +0530,2026-09-14 17:13:03 +0530,3676675,0,1643,240.3,50.05,35.48,0.07,31.0,0,0,6300,0,3,0,193,0,0,0,102,51,false,false,false,false,false,false,false,false,false,false,false,false,false,false,false,false
1,2026-09-14 17:39:18 +0530,2026-09-14 17:42:47 +0530,3676675,0,1690,235.8,49.97,16.78,0.04,28.0,0,0,675,450,3,0,189,0,0,0,102,51,false,false,false,false,false,false,false,false,false,false,false,false,false,false,false,false
